year,state,00-04,05-09,10-14,15-19,20-24,25-29,30-34,35-39,40-44,45-49,50-54,55-59,60-64,65-69,70-74,75+
1991,Andaman & Nicobar,15902.320768179827,17848.952491448355,16389.75966596245,12915.349816015685,12744.470290414753,13955.758989492862,9311.281239227841,9224.396204076551,5513.47574722854,4719.712285450687,2856.7243695445623,1942.7367368574087,1549.1534420445673,969.3752673655259,610.9296340369104,830.3226791587177
1991,Andhra Pradesh,2097467.0486807395,2596801.21535206,2190459.769266562,1808896.5622432854,1765558.5758845499,1768047.3222556876,1352206.3667445094,1259400.6410386488,992946.2441427482,851848.7412861134,809632.9392873724,481909.3951468167,604610.7326763466,271456.56678306125,265777.0832903724,208224.80582982377
1991,Arunachal Pradesh,63886.840939135676,60282.376363513205,47152.4358160852,36412.770824876374,35271.240884365696,37408.138941958285,27192.133776030467,23751.67560402742,19137.154756187232,15458.86675800552,12415.680433785134,7309.9946984464395,7442.3912750397085,3661.225623330604,2952.8373130438563,3205.3471423854608
1991,Assam,1494902.825201709,1632122.5834327391,1337428.4512376501,1098653.9923177094,1023163.0263908753,1025176.6855971084,731573.4591124579,613930.3237566453,441184.98397140735,360567.28152137663,315733.04207296623,200817.0089785226,227899.90247032407,112425.22549328921,98370.91413078655,104570.4691614232
1991,Bihar,4511096.696576353,4844695.004755039,3670348.687540204,2454786.7050381675,2604432.656944037,2443538.5544734173,2283576.7592504066,1907192.59920591,1574135.0024958276,1268798.491486555,991785.6904472787,780760.5275825575,819951.8423258982,435781.7636340521,336613.46220261854,321670.0192061674
1991,Chandigarh,33474.760475604606,32766.778622002555,30588.839965002073,26898.737749835866,30500.28893109297,30756.722005471438,25035.93837950691,22003.88779223925,15328.395036101865,11997.735954796495,8129.02611813042,5851.3568311832005,4818.7555215919465,3066.0997681085255,2322.069715653592,2915.1139022524385
1991,Chattisgarh,1136939.9830761715,1117731.5424937417,955066.3226589914,724801.3779299709,756353.6109690405,715653.1691495914,599376.2855431013,493144.66890970914,415253.87479534425,384214.00150259346,327779.6043726009,241696.43442099474,236080.92506077516,138270.62489129746,110392.10557808314,110910.14069404836
1991,Dadra & Nagar Haveli,10394.681968657926,9135.921342128531,7444.881243035902,6430.371979242665,6891.092867598594,6241.061665996679,5010.976400935406,3927.545546999776,3135.9930610679994,2842.15315798702,1954.1840755171588,1706.5279513097853,1411.1971944263498,848.2423027663996,584.6280290819876,423.9118014053874
1991,Daman & Diu,5684.076834384017,5534.681518599863,6366.978404986657,5596.939027529053,4853.838314848285,4152.499995403991,3412.8998074310052,3124.9143547925014,2493.2219749014857,2244.89878500397,1740.012617205665,1402.657476392382,1356.446606361494,908.6070775629986,799.554370239295,760.2137770832535
1991,Delhi,547134.9449421669,547058.9007352345,476221.9008091656,404171.417546391,451454.88579571014,446528.5577458132,349731.2416051361,290876.78993317776,204960.22087006603,168664.6654756451,127384.08167481002,97321.68901898275,82801.78940098474,51276.39762338682,34790.33207944646,38370.633106684894
1991,Goa,47018.378563975246,54312.21783172918,62910.16990736732,64205.06651981132,61068.00037661631,54119.49779257499,43598.954622998885,41048.69763353839,32634.961397517887,28821.345057708655,23414.373417362192,16962.625120894405,18278.91791767278,11460.132869355808,9023.392274919363,8590.528292774175
1991,Gujarat,2324487.155063392,2492213.715079483,2324383.7507004556,1956874.457232817,1990749.1813226978,1733039.2912669987,1559581.2180548145,1220431.1396822126,1026597.6697872112,853959.7808875365,689257.4257337874,525554.1413886441,511018.49742562976,321504.7595593781,274281.753531843,278511.4277423852
1991,Haryana,1013198.3825362003,1044288.3134311299,965795.5670051428,724872.6322159749,720398.5657740752,655543.9966639295,546590.040321866,444021.4223914303,341632.45083389536,267679.0522390193,201552.43655026722,154580.9529781066,172295.77736548398,204707.06423850034,129187.48707447176,111166.54194868973
1991,Himachal Pradesh,289706.6093018508,299172.65300759574,312023.87921529677,276344.61059248826,241356.25872656592,213563.36307755514,169329.15522429292,162013.6930742593,124322.5147686383,114119.43206974733,92287.24894615244,71354.17435588826,73040.96773096488,45039.78990237501,37241.94115853473,45201.85613663406
1991,Jammu & Kashmir,436345.49362196994,550280.0893274456,522096.1328881057,443803.4471733032,352230.54965728207,304323.7865914633,246613.91720548194,237205.7708826982,180691.53718093428,163343.38426613915,119743.1732636451,96900.99135973745,83040.9543842849,49690.233603171066,40462.903280025166,45486.01734993366
1991,Jharkhand,1351855.9063502182,1510051.9677772142,1211441.8844759418,890817.3289657928,879810.737115355,826051.6749404311,765803.088157368,653415.9405118402,543363.3336494288,436614.3935185061,354599.1484070088,251865.27037908544,261853.43087063183,135110.8243874859,101607.46824261267,89817.60681769742
1991,Karnataka,2516767.4412099747,2839151.425547926,2679822.4203031873,2125829.6145453574,2029959.6744149786,2001414.0980263446,1547160.474674297,1442610.1028017655,1092240.4653095088,916783.7894959074,839357.903360389,503679.33903915196,637553.523811532,337842.70284207904,308955.1884380746,321114.14868884726
1991,Kerala,1303786.083486039,1422696.7334751687,1535799.0891574963,1554139.1871059297,1637780.4265686926,1405047.554624685,1071376.1175311874,1047302.3553565545,733570.3386100793,688598.8471048543,545038.0069781546,514223.5937400228,458636.51977654925,378826.86065342376,235630.45525430216,320476.28282035684
1991,Ladakh,8845.845611757142,11155.592952294042,10584.23165480146,8997.037515097629,7140.619320139107,6169.4259973397175,4999.498491899888,4808.77116440223,3663.0822699371683,3311.390583930249,2427.5021496377794,1964.4323631701457,1683.453760090273,1007.3488583947797,820.2871363412256,922.118580007173
1991,Lakshadweep,3394.9785427451707,3112.3335305449614,3013.8229480270797,2622.8226457719306,2437.0296012318868,1983.8837493111282,1536.2248099058643,1752.8139782945677,1249.695024291431,1192.288029013399,854.2392562101911,799.9242799280129,508.34269363250735,336.5559241367545,210.70298849012892,213.45731853439378
1991,Madhya Pradesh,3352526.303049106,3363031.9092483353,2739806.005112528,1992655.117165231,2221124.8278130703,2004962.3889611133,1647670.7921810069,1324422.9611188956,1081099.1596139045,959475.6746041264,771403.5816146169,603478.6211687679,616061.7640568785,363226.5432871373,300493.8924515558,325342.3054617575
1991,Maharashtra,4608850.900809803,4753375.066560318,4331655.9659646265,3344885.057829855,3523816.6027722983,3388522.801567636,2818139.5137658785,2499846.160168803,1983688.3034008741,1727128.8468783065,1444389.1783681032,1086151.8461507233,1109706.8260430845,687795.8073481218,516436.81034997426,520633.7658554746
1991,Manipur,101742.05776672356,112168.47492378666,110088.11839707919,101560.28488581501,91325.40595034891,84560.38249703098,63945.329851401235,56346.55893201564,42319.446301207194,35434.223426824,28883.555267562526,22877.484103827166,20392.53564619719,11967.86311818685,9357.943218085935,10937.665105996039
1991,Meghalaya,141852.20757670197,127370.73668507065,110244.94878230519,86493.02016068179,80213.60052552461,81748.1289645254,55570.84343129201,50352.741357401945,35780.23163872764,30857.704120934457,23525.791633294983,14810.914597069754,14653.527297924147,8200.220947575424,6391.235052779635,6927.873844302269
1991,Mizoram,45570.2274530107,43973.15838219872,44556.921507352126,37445.810947376296,31027.516955950457,30635.034600024614,23031.779780634843,18293.177564553698,14137.439361457915,11345.44915674782,9969.904482146068,7030.229908866492,6437.860323015596,3899.8031678367925,2629.255411312493,3607.4826834199207
1991,Nagaland,71647.44522546623,78560.75402435465,78097.65476870986,69980.25481517143,56022.57315094137,49351.78265863447,36656.85865762179,34273.724542739896,26584.25503965201,22677.97806654126,16508.943207129974,10411.80774625341,9766.542375918203,5916.0146546481155,4557.325342322343,6823.353351597347
1991,Orissa,1789184.03789937,2046775.952249663,1796402.0175096516,1547835.0232524627,1418857.985348309,1346692.1997718527,1084133.8344698038,970056.2378203708,776175.7443163495,702506.6310745152,603083.1974135932,445978.6476718171,459208.4679768883,264302.00182186865,222228.94501408483,198474.07380135037
1991,Puduchery,38881.553119213095,41406.225692468164,44456.39445326719,44045.5225587916,42836.505659717,39757.629275920655,28176.334311316077,27512.762899997375,19590.47831561051,18256.785575212587,14730.708144946659,11795.255786357666,11753.70385519908,7881.5285352786495,5688.3416904435035,5461.939550302276
1991,Punjab,1087110.2116159394,1116976.0904261298,1111029.605137823,977942.8829171612,926908.3477982049,805478.2942596058,696712.7643236689,599800.8297817254,495379.47125574865,417144.64795107854,317808.6586865184,272185.92226232373,264274.5741560662,172916.25548825017,133502.84221728373,162628.03465988045
1991,Rajasthan,2904425.7478842097,3080386.0338620525,2627198.07150304,1880068.201788431,1854236.7499927133,1718347.9259271852,1451131.814701069,1187624.4664360026,965740.5679564618,856937.7468226547,697470.4255021387,531179.8917616702,565094.3150943666,315489.1016789413,267731.2763883297,238358.97504858376
1991,Sikkim,25564.451812136536,28012.14447404799,26391.064065518098,21266.73608945948,19047.035577151546,17356.820136589624,12947.46069636357,10370.748835214741,7886.456858310965,6191.237104056604,5071.853080585537,3548.117063348136,3417.9029016136133,1938.0750410952553,1360.0601823127033,1406.2799896660385
1991,Tamil Nadu,2553260.3570153583,2930013.5211892687,2948494.4174357224,2825035.7961478736,2708911.1516921395,2602691.1729924907,1964197.992574653,2004664.7511092345,1540511.2858171025,1483248.3456374388,1174296.7963221236,900692.5612590823,820555.0267473275,502789.14063222683,358805.1271277311,344166.7838913529
1991,Telangana,1476416.4559789156,1827900.0138110893,1541874.4487733738,1273290.3972624873,1242784.5944327016,1244536.4341573908,951824.1218601065,886497.7555997256,698939.3114313257,599620.1468007801,569904.2545713922,339218.1830618617,425588.2044708587,191079.49397066078,187081.68008588935,146570.37404403122
1991,Tripura,165232.4486914156,189499.6374655721,164804.9863067752,133471.01703924232,123861.54084004562,126700.63466175785,91201.50476254069,79506.03901536233,56452.47260671535,49628.72695750765,41198.7151955434,27634.36595538954,32071.064980624185,18902.323027244325,18447.739541495626,26856.53292794524
1991,Uttar Pradesh,8961246.999376753,9214184.09530497,7457649.525822816,5377111.599751932,5296600.606973882,4795052.624597701,4256455.381765634,3610654.1662601014,2988839.4953944404,2631010.4593935134,2043033.5283377382,1637301.247146913,1614499.5018087684,942955.7346766765,704819.6567555685,771535.6455479509
1991,Uttarakhand,392721.3327305668,402194.38950070157,379992.80279034196,336945.4953819505,309232.14816279843,265938.0798507467,217075.7239932684,203311.9837573201,168300.06064631,153550.46136469784,129137.05009277991,92325.96313221563,91811.18604100645,56335.282445780336,44015.27991009392,48354.652874268766
1991,West Bengal,3871865.933959505,4470757.990107506,3971867.9666516935,3018360.606653108,3121335.6655801428,3082575.6607526443,2374707.0364175104,2024067.9646187467,1511363.6112913229,1328320.399848042,1113613.7060123926,814027.133642831,795433.0525642808,486497.65847752383,367696.6499361446,394728.5274004202
2001,Andaman & Nicobar,15354.982105644436,16799.042331037133,18955.040316572376,17825.73326681461,17545.44954788412,17582.497393458147,12894.648530301663,13550.088238409498,9065.921441633387,8174.715893936311,4976.95709820905,3680.724834982311,2774.3008747755002,2079.6564769076012,1361.661087641823,1501.8016746145533
2001,Andhra Pradesh,1924380.8899522068,2582854.9568376117,2487001.03907504,2140188.9780857144,2043806.1367722822,2086996.0566452427,1637305.286646296,1688985.755962887,1190155.480143067,1091865.612709414,860443.0691634887,670670.36317019,720552.9016680697,447661.48443873826,343924.71784725314,289143.4094437049
2001,Arunachal Pradesh,68218.85428852562,79452.46036656476,70858.57734118581,53726.18282360225,41990.43645143725,46339.657242593836,35951.23935456641,34728.12816359296,23029.829494182144,20369.69992288042,14020.460842941611,10052.216089161462,9375.281267208378,5770.347812341594,3930.331112053622,4671.018791241747
2001,Assam,1497435.195861969,1769032.4364261462,1622854.4964971677,1249756.6756740029,1165753.8507816344,1198271.6157648836,980591.2171929873,910509.8910572531,610869.5937878209,515315.3888959974,379712.67085430375,285025.9555142965,290894.8213327737,193671.94401168835,140639.3913685779,143579.3453673619
2001,Bihar,5422194.465621901,6152648.065849904,5154457.155892479,3196349.7699199934,3170163.0646199794,3042644.3737408035,2862638.254192108,2528096.141748006,1957229.8893727127,1700496.3361984838,1177928.5660464317,1093637.6032686206,994544.731239579,681958.8639984606,463831.94806498644,471831.4607519153
2001,Chandigarh,36446.60342226147,41509.9161920779,42123.0543277539,38638.60339531584,43557.46455856599,40582.86665370996,32985.13600587982,31307.63265723071,24333.83960865128,20754.936144696207,14139.216477448703,9185.959321001441,7206.093361170878,5649.540402903888,3897.885712060658,4770.114397157696
2001,Chattisgarh,1214809.173255225,1309232.9057982953,1282639.9785619315,933336.3301399216,851261.8936783548,827913.3157723108,793234.2153792782,702978.3287311471,537287.6446010775,467961.366603349,366932.20287440304,319299.7044245356,308018.5515025552,223846.69351903853,149802.9157033068,142295.9540360353
2001,Dadra & Nagar Haveli,14699.887779493736,12812.443159002129,10983.139845811107,8763.710541576853,10430.674446083696,9752.17226405144,7688.942126347326,6429.780548586024,4721.972034801603,3844.4734069873884,2684.8163918566875,2322.428356460358,2107.324578613655,1354.8557007038878,849.2386638349167,693.4637709598487
2001,Daman & Diu,7241.019442066979,6940.556918821436,6663.512867647116,6605.55884600983,7324.04956322425,7126.233828444511,5233.513672203738,4464.329127977718,3122.8511784031607,2840.3817199030836,2201.6481412763433,1849.525385816352,1723.4168078155287,1215.7394692755026,833.6771382929844,991.6803066868318
2001,Delhi,643610.3381285573,727130.7207474569,733174.9889628981,618703.1904555106,619238.5842731296,621041.5887490084,530263.6398059418,483717.25422663125,351877.267108601,276788.8070185028,194692.14951852,145641.06796869772,130025.00042793459,98154.9556998025,64435.62910689972,67165.76078277708
2001,Goa,50496.523280509515,52611.76324889852,58850.238299264754,60189.39321758209,66690.65671248254,68432.85187463534,56875.66017479679,51956.38712710102,38989.102558959225,38071.8920084249,31849.0599132634,24242.88332105148,22751.153048152613,15922.559693531653,12012.770643926186,12911.569305206165
2001,Gujarat,2485582.5559178046,2678011.2164285816,2670983.371606464,2443153.346862427,2315225.585009353,2057549.3844764326,1972853.7240304432,1746798.0484189498,1443373.2737336534,1156831.5560447252,872684.6537457113,701262.9323567582,678429.3339107543,480203.355544093,351203.3054237809,381813.04073762766
2001,Haryana,1027347.3807064518,1199242.9315367837,1255947.9235053028,996839.4583150728,892968.1050252306,830864.6856178538,749144.9731098991,680774.400995568,514745.0906534696,401745.2858260779,284660.439951035,217833.83715026418,265225.7865134189,227268.40954753698,149290.57797394754,157545.98574054026
2001,Himachal Pradesh,263723.6513149217,296426.02371736744,344353.8303729253,303467.02194788726,289348.74250865704,263053.368567298,219553.85757810652,213386.86292039297,165255.32667858308,153617.18073806656,116562.02014815356,95002.4896129016,88056.57954340221,68268.315573231,53893.70750347343,69926.46038793203
2001,Jammu & Kashmir,462098.1244616266,620300.2435165299,650132.5065581267,548707.7140946725,410089.13973026385,363942.6503760766,316277.62304694037,325155.26661063125,234514.6573407215,211805.34775548088,140116.86192882285,127938.19352671465,105796.29797572484,79553.77589986133,57359.086509702305,65505.45754556335
2001,Jharkhand,1623727.8955372064,1914192.555420831,1698760.3877211816,1159567.149165837,1072166.4231487077,1028724.6054203636,959336.8865096557,865663.871339709,675952.0647590767,585518.8336401987,421501.9878329642,353092.8483328093,317837.88697247166,211568.92521370697,140214.15174138406,131989.5172932119
2001,Karnataka,2406392.130829009,2785361.6516116206,3037183.431241834,2555382.301582808,2361177.4043527483,2378831.5499754297,1918307.6899471479,2010125.6197839107,1435655.4846339514,1294414.426493061,1000647.3524897917,739207.9109194446,777315.9681632315,519775.42423598166,421369.6851584487,445150.4748090937
2001,Kerala,1354986.9890465606,1246714.9999472797,1461909.80393672,1496247.4481404547,1540019.526797602,1490405.596518087,1336615.15782813,1319405.8527577654,1001266.112703908,984716.4374508313,720697.7780928978,594385.8609103916,556565.8006722447,505839.17515073816,343576.99318948016,462837.7997228658
2001,Ladakh,9367.9176849972,12575.081597694558,13179.858310122157,11123.716861544468,8313.561776473833,7378.053729940905,6411.761012365571,6591.733684270036,4754.215370280384,4293.839247513156,2840.5292281993047,2593.636291257077,2144.763110581134,1612.759681785945,1162.8162341830619,1327.9641308214716
2001,Lakshadweep,3163.072869395301,3203.863410547667,3663.7985026800375,3033.1650274850076,2873.3863004964905,2580.609359482965,2134.451521664875,2080.8446987243315,1413.9494655983287,1596.9100276014794,1033.8639464278656,973.7468437712557,734.7998045630317,473.7359850501531,334.40487542442725,326.0096320706818
2001,Madhya Pradesh,3580504.9720943016,3937290.485822786,3680185.1942090774,2565326.064305864,2495619.774760263,2319135.1804082133,2181210.750342212,1887748.8607236885,1398695.0365476075,1169596.1183373905,864904.964261207,797626.6264933033,803363.0151243831,587857.1861980271,408035.1138401537,418236.8772204976
2001,Maharashtra,4551189.956846768,4931567.511541695,5412824.534965035,4341241.795272128,4107666.6179261343,4060841.4564277455,3621790.705431389,3450346.3960089344,2562697.4894525157,2160570.1624373686,1597646.7515883045,1367522.7729499137,1542877.1510608492,1425774.390477678,827074.1664796378,789087.1330153322
2001,Manipur,100944.85936407,119617.03275736579,127467.68760160319,120371.10774239617,113162.60417450209,99799.78313264363,79153.61651526991,73808.73892291001,57819.37892204194,49002.18512163564,37803.213651466984,27196.44727810238,24059.519553106915,18149.396143040245,14426.631647393604,16546.81946271504
2001,Meghalaya,161354.8801906264,167801.52055628307,159171.84297179748,124385.17789663162,101887.52416536164,97741.61685993925,73802.63203183404,72990.60495054822,48592.404571413506,42612.31076549677,29403.168185031886,20786.24289637385,19076.452135487263,13248.379846013288,9390.143968323053,10668.440775625033
2001,Mizoram,49980.8399633684,51310.1412754519,53724.67597313499,49060.53537609881,46012.98477110056,38154.40419222899,28584.559027055308,27787.164395591135,22584.89498249549,17262.852083269918,14548.622847800505,9455.90852717266,8146.838997742645,6106.629743632626,4615.919828150462,5675.8532672195
2001,Nagaland,93483.76180704236,125011.59814793171,136816.7209665889,127501.41254781601,100950.62292686736,81288.68473213968,59201.77624481976,59257.00526033223,44675.012910287754,40251.73313453762,25117.6543040576,17418.874246596297,13839.03387340362,9474.469110957398,6615.53037366623,10137.605609893548
2001,Orissa,1752279.264333156,2139114.8627475086,2095161.2600182132,1780803.7074301098,1599950.7138967703,1600530.2940188963,1395687.573863391,1307711.7177169938,968280.1622462779,837552.8839656997,640431.7710805832,559367.2484630935,566524.8458078579,409242.87585263565,309305.42492088553,268313.7154424179
2001,Puduchery,41838.38584244975,41047.61053601587,46476.378397912194,48429.68526605573,49949.64551723198,50975.22318551349,40474.88853317141,39260.91485724723,27845.45067462892,24709.24428677242,19005.282302651998,15961.267567696616,15644.905164114449,11584.246374286831,8623.081183942299,9326.812160577896
2001,Punjab,944065.9296005424,1201949.9522502066,1314352.754818294,1171614.3668820031,1093577.8940255442,943044.7548150064,888589.8116289483,843368.6054146232,676574.9255249359,553527.6435174922,397844.76667803834,309546.35214430006,351238.0601394691,304421.603978325,198085.94507193146,242540.09649860286
2001,Rajasthan,3480597.4706441485,3859445.1792545677,3436218.1437069285,2541504.0498663024,2309788.8133742223,2094694.2286733403,1929593.2431629738,1690447.9042037511,1304801.1189166533,1102473.540442923,812295.4343670321,713658.050861152,693926.8725258148,535204.6588714796,388374.2983027134,396966.1138589264
2001,Sikkim,25480.784859902997,32433.455984774166,35415.152239781266,31148.680120391655,25925.68475761936,22879.618355140847,17746.45526387692,16242.440280736551,12107.307847987633,9501.711459863585,7266.1711643655935,5048.820926679887,4720.044377575478,3408.2429623192174,2332.628874354764,2410.049428440122
2001,Tamil Nadu,2495269.264006789,2739042.3580770567,2945714.031099264,3072149.1452524406,2957227.2483125464,3020155.7804475157,2374742.89413665,2556755.271596524,1834834.6401577825,1793444.1775386746,1383985.9122699,1148893.0499473664,1047061.9374980284,724100.2587207052,520103.41341311473,529455.6748636974
2001,Telangana,1354580.3331136159,1818083.1799385296,1750611.1776280645,1506488.6135579096,1438644.2995894682,1469045.8777563134,1152506.529333237,1188884.6433063364,837755.7765028679,768569.0983015075,605669.7327116604,472087.874441046,507200.4168529012,315110.9252224085,242090.15029197716,203529.3417882505
2001,Tripura,144789.0256971832,177717.81682811416,204624.12420932646,166134.88848442657,140207.92735349928,143249.0573904834,118070.9095637687,116932.10929788226,77833.22750875485,69098.02331630356,47414.301253792495,37591.58634193117,36938.71814560641,27687.886584072545,23920.57611824401,32380.217434869395
2001,Uttar Pradesh,10037650.821430894,11848289.885544743,10456412.436891254,7182467.612393912,6411680.093041739,5875467.963862068,5538701.393321434,4795727.402273822,3780210.6507081287,3224312.6866194783,2346612.786254409,2141438.3393883603,2055550.233031647,1462347.4595474584,1001799.3853984989,1035750.3233278194
2001,Uttarakhand,440017.90418304637,516827.98970204743,531524.5634213833,448321.56558703317,374400.83252896107,326070.02806719946,282716.1716447689,269855.5777476445,212952.25881895676,188208.7094253062,148368.1759027147,120821.7042891235,117003.6626216927,87329.08622952191,62573.218563303955,64985.46011364361
2001,West Bengal,3741848.52717488,4637560.596195352,4639438.502875434,3591401.6052336222,3519334.622739162,3584154.493696068,3045739.436824502,2897754.664532684,2071290.8414932722,1814932.2616611423,1324261.5961704156,1089146.618585443,1004439.3836998369,777202.4182618682,544221.3878243298,625849.9320555534
2011,Andaman & Nicobar,14086.613262665907,14897.27470538203,16285.009253642998,15713.074783620083,17609.363131588412,19582.527383087974,16516.3775120264,15768.806701087124,12048.725529913134,10698.492087795983,7705.341843229999,6028.592428338134,4653.142902127915,2828.2716773176076,1736.2170462595666,2179.236311817698
2011,Andhra Pradesh,1801815.543295805,2084356.125662007,2360945.3452610644,2314529.284344045,2428248.833111445,2372879.261554015,1956630.1234127516,1969987.7883818469,1556732.683924376,1361981.3505232218,1070709.3088346357,933639.8135516288,1027180.2597642236,680826.0798712334,458413.9919816173,455612.00409659505
2011,Arunachal Pradesh,70564.10258816343,84696.2141920696,89717.80654896551,78349.74654526112,66739.09513394542,60959.246793520026,49270.22602201657,46685.18775154262,36318.66737606887,28866.034684791928,19869.159857253708,13014.514894331378,12065.503453793814,7400.06852572623,5151.238251062322,6127.429452402152
2011,Assam,1581670.7864096703,1738082.2229296693,1706328.4147789734,1482328.7704962853,1507455.6881460429,1431376.2923021365,1163169.5160203658,1115067.0544465184,876728.2384440053,759343.2312239124,557453.2536823014,403463.4472600165,384927.5734636048,252058.21695043432,190881.6420273394,206700.50140692104
2011,Bihar,6240308.840731795,7308736.178435229,6678090.122556112,4237131.871198526,3894996.325093943,3888823.2062121565,3585015.8621387943,3185250.149965429,2435454.2057618513,2082091.3679926172,1522773.7876726203,1486905.5611452896,1472398.067765865,1002528.344057534,602598.3434873616,577294.9810232786
2011,Chandigarh,38592.89871339586,41972.57108051498,41317.82466193823,44110.32077203618,53149.164316563205,49902.775277406436,41508.424010403345,38380.5007171583,31954.905082528807,27738.194494104508,21122.87032493023,15449.489103853617,12501.204204574939,7670.3945758060445,5449.733738779481,7093.727810316186
2011,Chattisgarh,1256621.149598977,1357585.0309019187,1429359.7470336247,1295530.7478216991,1211151.8052201858,1015804.4898139163,922527.3518772323,896198.9433653818,790898.796922695,648943.8398086892,487592.2291849712,403507.5416648074,398538.0131542385,292349.71682517225,200879.4930135605,194933.49988034889
2011,Dadra & Nagar Haveli,17793.737770533222,17386.063030703186,16876.641422846344,13324.051863810564,16999.003627888604,16703.956416748777,12919.490842786265,10602.199665695136,7762.968217633262,6223.546642225204,4362.548400303793,3475.1247776701302,3079.205853924076,1988.6196493807477,1358.5743574737944,1223.2517353303085
2011,Daman & Diu,9222.699802716956,8755.605749848362,8081.478054578789,8140.706610282352,10810.948080606884,11323.905878261536,8881.872742614056,7427.859881637404,5315.593672041298,4019.629149236847,2998.023129378762,2508.186469295178,2358.134618035898,1586.8792094910893,1281.4269250315142,1338.8437543640848
2011,Delhi,647681.0327634405,706616.0010761737,754310.9912899261,747779.6149941419,821137.1167667748,797550.7178220613,683727.7940770354,626868.236514541,513293.50088431296,422310.2877171506,316628.12597380165,244088.9549719267,238917.89401986686,134617.2120701937,95657.24625972511,111388.45304585296
2011,Goa,49214.64753123905,51324.51937708132,53476.169567326644,53670.61748141493,60007.244924653,64866.52711482865,62683.16462835886,63259.0527627608,53644.913183785466,47275.562426338794,38091.71621551029,33958.20107763056,32426.737148068736,22293.113394629087,16354.546504463302,19279.335412435026
2011,Gujarat,2602631.7584000244,2721630.416062448,2884349.3122905884,2740987.7558195633,2761478.0831863913,2539089.0195001033,2325353.0180949625,2104294.19260342,1896193.327808433,1626784.8663820347,1310488.712107803,1034099.6807958616,887870.8960079524,628150.5470503686,489410.34598574723,572080.1851293711
2011,Haryana,1081905.8859479094,1126086.8740276848,1194219.5493747555,1198749.8510968129,1208222.2312778332,1063636.949337164,924388.6186708724,856833.7279023543,724488.2073304149,594510.6111367693,462488.45522921573,384354.36613010237,438178.18854392244,250281.69619737967,187497.01782008473,243510.89488533037
2011,Himachal Pradesh,260215.34776025658,279580.1851794737,300072.187081665,304204.5233945221,321751.69490085414,300815.205201502,277664.4000376403,261898.28270293912,225949.2494914836,199501.65261066446,167184.15337451466,133294.83729495286,117177.3364679305,80797.82547044677,69141.92297123167,98814.2534445575
2011,Jammu & Kashmir,646101.8200751669,653698.7431561976,656595.5048537657,587139.4939231573,552162.4667029933,497150.54914884473,427223.5315394461,391599.9394848853,323596.6396138042,276370.54007446434,211792.49801249622,165520.37313310758,148109.8563798495,100077.14657959325,86057.87711560902,102570.29105632327
2011,Jharkhand,1789072.3670030066,2031653.9486539024,2009977.8174687736,1508630.9227913462,1414036.5688386203,1325930.6078364493,1152363.1499950124,1054609.9017373414,868204.7308081869,743551.6342994636,573226.4956280765,505320.42163405777,491590.27550267085,323161.4427733977,199213.42534169368,180738.6529709509
2011,Karnataka,2468363.229095974,2538815.413389516,2775223.7074095057,2795626.5684356587,2967360.2081665182,2913907.042574078,2325246.045935551,2392013.4675901476,1866466.290689057,1732935.6158898594,1330699.6269755054,1101736.6919447717,1077744.9675889497,808800.8088450523,556213.7524673073,639491.8285292583
2011,Kerala,1202049.3728482325,1253285.4750914848,1382656.8391314533,1276841.6642235927,1362818.1684487683,1398629.4538973675,1328496.0333938636,1422959.6392479038,1307986.9183573518,1254319.8327424172,1009171.0484023562,893691.3063963267,737091.9199744536,544852.04227817,409653.2009772863,637980.1766195133
2011,Ladakh,13098.145926566414,13252.155099759371,13310.87991100479,11902.82790065685,11193.7535839278,10078.520502336034,8660.919974990475,7938.738125843502,6560.13630562908,5602.741783451662,4293.578750168152,3355.5237483543106,3002.56778691688,2028.8211998248032,1744.6145445924144,2079.3636517380696
2011,Lakshadweep,2384.8757719995087,2633.532842006792,3132.326314601051,2812.9574218276884,2758.1618687751265,2845.2116013548284,2684.051688334925,2657.939265306608,2189.110830095508,1846.468622828486,1459.4390038939553,1406.8346217123026,999.5260618147008,668.4932689447581,443.7850896671808,517.5687436414694
2011,Madhya Pradesh,3601936.0909516253,3962401.668940899,4146696.442570255,3506871.4775448414,3203388.0318143917,2820608.40249995,2581778.3655404355,2389746.8536412027,2048623.1310723186,1707286.2892580405,1265005.5119173592,1038080.7079631696,1006636.0750681184,754235.663847645,569076.8096675011,646555.7943596981
2011,Maharashtra,4434017.841354609,4649810.071257084,5080041.475032646,4956228.875995844,5309080.330915944,4923039.186875447,4299592.170510921,4074706.0950152637,3499359.45811502,2957045.4552083137,2377396.1459374297,1940748.7353512165,1947740.4419563941,1652473.7429857554,1119022.7249301474,1206517.680773513
2011,Manipur,124691.71348680388,142658.17966957236,153962.24077596865,143716.47606699844,143688.9884037612,139468.3020097478,112873.6204037999,101766.78158901952,86285.60954682839,74317.17027123958,60776.13732266623,44938.49979936187,35889.21723828287,23700.59847585067,17640.96789676829,24360.567704830326
2011,Meghalaya,202144.08924192365,192822.24894668141,190609.7677493226,163221.11163555773,147931.64881703907,127953.29291800917,94817.85827175055,88091.02108639195,73181.0687861062,60891.205997704186,43462.921657414496,29822.360348318703,25577.552837995325,18530.04720098609,12685.023331267625,16092.603333766676
2011,Mizoram,60084.566834378755,58170.914934143024,57619.96821070984,54663.108219603455,56618.270436794926,51489.506250588754,44709.700354785455,35891.780005426546,28444.846485377897,26536.73699022955,22011.461007473765,15286.309436298738,12295.019896280723,8138.029274609786,5966.608691048538,8300.685558312216
2011,Nagaland,96135.93050604312,112154.74518889793,119003.82702983278,111239.4664091902,100683.84264551329,87598.57853952987,74026.73982934754,63715.0776404413,51911.38413568157,40021.320056347075,29922.518712293484,19756.843282028334,16963.044122003346,11526.285716229382,8405.898079434724,11389.27061051209
2011,Orissa,1780779.931740686,1990325.228379229,2153192.1482030116,1964636.4676984954,1929881.0213437998,1813785.7577530697,1571433.6945396569,1535052.2071519683,1320725.1008689187,1136207.6360834464,902912.7915692154,748708.1190293462,745236.3535764156,496296.48475464026,391605.0545222662,380063.0939558515
2011,Puduchery,46446.075799899285,48703.23763290601,52027.464448560015,50188.98674355316,57864.23493530988,63718.92553015672,58051.581535736594,55487.12462984105,45048.162896174115,39313.34803388057,30567.320001744683,25929.12206116446,23672.798447929403,16014.994539654022,12840.193326538654,15469.936809744042
2011,Punjab,986358.6658100965,1063679.856844488,1134157.5239274183,1252190.6790354426,1321322.4796826544,1204957.602367815,1041056.8426607824,984826.3782977203,888612.1576831044,779591.420889025,599758.1955090609,478205.1701322829,521664.76937940205,348959.6299577081,243397.9822233754,323495.4228128439
2011,Rajasthan,3457013.0475213537,3797534.9382248693,3985617.5182147822,3473884.059124722,3091016.201090811,2615064.3555543777,2363545.9487981177,2159010.217797342,1836470.4032174326,1560976.828049163,1191477.6008334255,975550.7652005206,897305.776145381,679078.0788086784,534705.7551502541,606902.1124174892
2011,Sikkim,20544.225374666446,27907.021373580465,32947.19945200064,33072.77823042711,32454.979283902754,30276.562776010473,23945.597379599385,20426.95597264614,16586.954220513213,13532.18904674564,10977.951919271953,7752.018109609587,6175.747766281604,4961.4113648992,3301.4733533025787,4103.737772168486
2011,Tamil Nadu,2568825.588473333,2701035.0576651003,2992779.399270965,3025270.86958548,3270586.116690115,3444528.4320472637,2929816.6923651253,3041621.8162368583,2543955.3438003664,2361686.974689196,1847089.7867311668,1578159.3954590745,1420129.5304627183,982815.4723045827,721861.1381443936,768846.1493898476
2011,Telangana,1268306.0362896968,1467187.6185055904,1661880.0097969167,1629207.5364902632,1709255.2365350819,1670280.3469608638,1377280.713080873,1386683.2333189046,1095791.1131675735,958704.7767513933,753677.0811858824,657193.2491391082,723036.7884570443,479236.52894272754,322679.6634723511,320707.331642155
2011,Tripura,158587.69568402608,164850.2731524755,173851.57093424347,177160.8217543433,191434.04646028948,170128.21090459876,138559.98147283564,137089.771811829,116244.60165404814,100016.31093858894,76800.92327414358,55773.931518562385,47949.81491356652,35756.760235219,26907.604724485132,38103.44489151728
2011,Uttar Pradesh,9786355.499376869,11909491.854524858,12357995.76181403,10971666.639781909,8309709.76044257,7219736.0811454505,6614779.798911587,6259597.2201513285,4917765.3171839835,4134158.465883149,3066209.6893423437,2889289.184532629,2786309.627358323,1913805.2779331997,1319774.400244734,1518647.1827313972
2011,Uttarakhand,436430.0367461045,498848.5279748885,543362.798473816,539777.6155101208,490547.76764157217,416818.5606049976,356130.5369607694,337685.67451642785,284310.4749518028,243839.75253040166,197270.6860473582,168702.8008916388,168087.4236442703,111423.17183493145,83392.3249262578,101912.54209937286
2011,West Bengal,3588213.6224775845,4016576.525737043,4479149.616258687,4389687.584795997,4371702.558043265,3970988.465388974,3393090.8432330717,3516024.735394822,2972159.2580922064,2553108.864152349,1968369.3142774324,1541095.7367318773,1353878.7743417732,1001341.1145522175,710847.3241461484,866945.4207838069
